title,publisher,print_issn,e_issn,for_code,year_inception,abdc_2025
Accounting Auditing and Accountability Journal,Emerald Group Publishing Limited,0951-3574,1758-4205,3501,1988,A*
Auditing: A Journal of Practice and Theory,American Accounting Association,0278-0380,1558-7991,3501,1981,A*
British Accounting Review,Elsevier,0890-8389,1095-8347,3501,1968,A*
Contemporary Accounting Research,Wiley-Blackwell Publishing,0823-9150,1911-3846,3501,1984,A*
Journal of Accounting and Public Policy,Elsevier,0278-4254,1873-2070,3501,1982,A*
Journal of Business Finance & Accounting,Wiley-Blackwell Publishing,0306-686X,1468-5957,3501,1974,A*
Journal of Management Accounting Research,American Accounting Association,1049-2127,1558-8033,3501,1989,A*
Management Accounting Research,Elsevier,1044-5005,1096-1224,3501,1990,A*
Review of Accounting Studies,Springer International Publishing,1380-6653,1573-7136,3501,1996,A*
The European Accounting Review,Taylor & Francis Online,0963-8180,1468-4497,3501,1992,A*
Abacus,Wiley-Blackwell Publishing,0001-3072,1467-6281,3501,1965,A
Accounting Education,Taylor & Francis Online,0963-9284,1468-4489,3501,1992,A
Accounting Forum,Taylor & Francis Online,0155-9982,1467-6303,3501,2004,A
Accounting History,Sage Publications,1032-3732,1749-3374,3501,1989,A
Accounting Horizons,American Accounting Association,0888-7993,1558-7975,3501,1987,A
Accounting and Business Research,Taylor & Francis Online,0001-4788,2159-4260,3501,1970,A
Accounting and Finance,Wiley-Blackwell Publishing,0810-5391,1467-629X,3501,1961,A
Accounting in Europe,Taylor & Francis Online,1744-9480,1744-9499,3501,2004,A
Advances in Accounting,Elsevier,0882-6110,1046-5715,3501,1984,A
Advances in Accounting Behavioral Research,Emerald Group Publishing,1475-1488,,3501,1998,A
Advances in Management Accounting,Emerald Group Publishing,1474-7871,,3501,1990,A
Behavioral Research in Accounting,American Accounting Association,1050-4753,1558-8009,3501,1989,A
China Accounting and Finance Review,Hong Kong Polytechnic University,1029-807X,2307-3055,3501,1999,A
China Journal of Accounting Research,Elsevier,1755-3091,2214-1421,3501,2008,A
Critical Perspectives on Accounting,Elsevier,1045-2354,1095-9955,3501,1990,A
Financial Accountability and Management,Wiley-Blackwell Publishing,0267-4424,1468-0408,3501,1985,A
Foundations and Trends in Accounting,Now Publishers,1554-0642,1554-0650,3501,2006,A
International Journal of Accounting Information Systems,Elsevier,1467-0895,1873-4723,3501,2000,A
International Journal of Auditing,Wiley-Blackwell Publishing,1090-6738,1099-1123,3501,1997,A
Issues in Accounting Education,American Accounting Association,0739-3172,1558-7983,3501,1983,A
Journal of Accounting Auditing and Finance,Sage Publications,0148-558X,2160-4061,3501,1986,A
Journal of Accounting Literature,Emerald Group Publishing,0737-4607,,3501,1981,A
Journal of Contemporary Accounting and Economics,Elsevier,1815-5669,,3501,2005,A
Journal of Financial Reporting,American Accounting Association,2380-2154,2380-2146,3501,2016,A
Journal of Information Systems,American Accounting Association,0888-7985,1558-7959,3501,1986,A
Journal of International Accounting Research,American Accounting Association,1542-6297,1558-8025,3501,2002,A
Journal of Management Control,Springer International Publishing,2191-4761,2191-477X,3501,1990,A
Managerial Auditing Journal,Emerald Group Publishing,0268-6902,1758-7735,3501,1986,A
Meditari Accountancy Research,Emerald Group Publishing,2049-372X,2049-3738,3501,1993,A
Qualitative Research in Accounting and Management,Emerald Group Publishing,1176-6093,1758-7654,3501,2004,A
"Sustainability Accounting, Management and Policy Journal",Emerald Publishing,2040-8021,,3501,2010,A
The International Journal of Accounting,World Scientific Publishing,1094-4060,2213-3933,3501,1965,A
ASTIN Bulletin,Cambridge University Press,0515-0361,1783-1350,3502,1960,A*
Critical Finance Review,Now Publishers,2164-5744,2164-5760,3502,2012,A*
Financial Management,Wiley-Blackwell Publishing,0046-3892,1755-053X,3502,1972,A*
Insurance: Mathematics & Economics,Elsevier,0167-6687,1873-5959,3502,1982,A*
Journal of Banking & Finance,Elsevier,0378-4266,1872-6372,3502,1976,A*
Journal of Corporate Finance,Elsevier,0929-1199,1872-6313,3502,1994,A*
Journal of Financial Intermediation,Elsevier,1042-9573,1096-0473,3502,1990,A*
Journal of Financial Stability,Elsevier,1572-3089,1878-0962,3502,2004,A*
Journal of Financial and Quantitative Analysis,Cambridge University Press,0022-1090,1756-6916,3502,1966,A*
Review of Asset Pricing Studies,Oxford University Press,2045-9920,2045-9939,3502,2011,A*
Review of Corporate Finance Studies,Oxford University Press,2046-9128,2046-9136,3502,2012,A*
Review of Finance,Oxford University Press,1572-3097,1573-692X,3502,2004,A*
Annals of Actuarial Science,Cambridge University Press,1748-4995,1748-5002,3502,2006,A
Australian Journal of Management,Sage Publications,0312-8962,1327-2020,3502,1976,A
China Finance Review International,Emerald Group Publishing Limited,2044-1398,2044-1401,3502,2010,A
Emerging Markets Review,Elsevier,1566-0141,1873-6173,3502,2000,A
European Financial Management,Wiley-Blackwell Publishing,1354-7798,1468-036X,3502,1995,A
Finance Research Letters,Elsevier,1544-6123,1544-6131,3502,2004,A
Finance and Stochastics,Springer International Publishing,0949-2984,1432-1122,3502,1996,A
Financial Analysts Journal,Taylor & Francis Online,0015-198X,1938-3312,3502,1945,A
"Financial Markets, Institutions and Instruments",Wiley-Blackwell Publishing,0963-8008,1468-0416,3502,1992,A
Financial Review (US),Wiley-Blackwell Publishing,0732-8516,1540-6288,3502,1969,A
Global Finance Journal,Elsevier,1044-0283,1873-5665,3502,1989,A
International Journal of Managerial Finance,Emerald Group Publishing,1743-9132,1758-6569,3502,2005,A
International Review of Economics & Finance,Elsevier,1059-0560,1873-8036,3502,1992,A
International Review of Finance,Wiley-Blackwell Publishing,1369-412X,1468-2443,3502,2000,A
International Review of Financial Analysis,Elsevier,1057-5219,1873-8079,3502,1992,A
Journal of Applied Corporate Finance,Wiley-Blackwell Publishing,1078-1196,1745-6622,3502,1988,A
Journal of Behavioral Finance,Taylor & Francis Online,1542-7560,1542-7579,3502,2000,A
Journal of Behavioral and Experimental Finance,Elsevier,2214-6350,,3502,2014,A
Journal of Commodity Markets,Elsevier,2405-8513,2405-8505,3502,2016,A
Journal of Empirical Finance,Elsevier,0927-5398,1879-1727,3502,1993,A
Journal of Financial Research,Wiley-Blackwell Publishing,0270-2592,1475-6803,3502,1978,A
Journal of Financial Services Research,Springer International Publishing,0920-8550,1573-0735,3502,1987,A
Journal of International Financial Management and Accounting,Wiley-Blackwell Publishing,0954-1314,1467-646X,3502,1989,A
"Journal of International Financial Markets, Institutions and Money",Elsevier,1042-4431,1873-0612,3502,1990,A
Journal of International Money and Finance,Elsevier,0261-5606,1873-0639,3502,1982,A
Journal of Risk and Insurance,Wiley-Blackwell Publishing,0022-4367,1539-6975,3502,1993,A
Mathematical Finance,Wiley-Blackwell Publishing,0960-1627,1467-9965,3502,1991,A
North American Actuarial Journal,Taylor & Francis Online,1092-0277,2325-0453,3502,1997,A
Pacific-Basin Finance Journal,Elsevier,0927-538X,1879-0585,3502,1993,A
Quantitative Finance,Taylor & Francis Online,1469-7688,1469-7696,3502,2001,A
Quarterly Journal of Finance,World Scientific Publishing,2010-1392,2010-1406,3502,,A
Real Estate Economics,Wiley-Blackwell Publishing,1080-8620,1540-6229,3502,1973,A
Research in International Business and Finance,Elsevier,0275-5319,1878-3384,3502,1987,A
Review of Corporate Finance,Now Publishers,2693-9312,2693-9320,3502,2021,A
SIAM Journal on Applied Mathematics,SIAM Publications Online,0036-1399,1095-712X,3502,1953,A
Scandinavian Actuarial Journal,Taylor & Francis Online,0346-1238,1651-2030,3502,1918,A
The European Journal of Finance,Taylor & Francis Online,1351-847X,1466-4364,3502,1995,A
The Journal of Derivatives,S&P Global,1074-1240,,3502,1993,A
The Journal of Fixed Income,S&P Global,1059-8596,,3502,1991,A
The Journal of Futures Markets,Wiley-Blackwell Publishing,0270-7314,1096-9934,3502,1981,A
The Journal of Portfolio Management,S&P Global,0095-4918,,3502,1975,A
Computers & Industrial Engineering,Elsevier,0360-8352,1879-0550,3503,1976,A
IEEE Transactions on Engineering Management,Institute of Electrical and Electronics Engineers,1558-0040,0018-9391,3503,1963,A
IISE Transactions,Taylor & Francis Online,0740-817X,1545-8830,3503,1969,A
International Journal of General Systems,Taylor & Francis Online,0308-1079,1563-5104,3503,1974,A
Journal of Quality Technology,Taylor & Francis Online,0022-4065,2575-6230,3503,1969,A
"Science, Technology, & Human Values",Sage Publications,0162-2439,1552-8251,3503,1976,A
System Dynamics Review,Wiley-Blackwell Publishing,,1099-1727,3503,1975,A
Systems Research and Behavioral Science,Wiley-Blackwell Publishing,1092-7026,1099-1743,3503,1984,A
Technological Forecasting and Social Change,Elsevier,0040-1625,1873-5509,3503,1969,A
Technometrics,American Statistical Association,0040-1706,1537-2723,3503,1959,A
International Journal of Hospitality Management,Elsevier,0278-4319,1873-4693,3504,1982,A*
Journal of Construction Engineering and Management,American Society of Civil Engineers,0733-9364,1943-7862,3504,1983,A*
Construction Management and Economics,Taylor & Francis Online,0144-6193,1466-433X,3504,1983,A
Cornell Hospitality Quarterly,Sage Publications,1938-9655,1938-9663,3504,2008,A
"Engineering, Construction and Architectural Management",Emerald Group Publishing,0969-9988,1365-232X,3504,1994,A
European Sport Management Quarterly,Taylor & Francis Online,1618-4742,1746-031X,3504,2001,A
Habitat International,Elsevier,0197-3975,1873-5428,3504,1976,A
Housing Studies,Taylor & Francis Online,0267-3037,1466-1810,3504,1986,A
International Journal of Contemporary Hospitality Management,Emerald Group Publishing,0959-6119,1757-1049,3504,1989,A
International Journal of Cultural Policy,Taylor & Francis Online,1028-6632,1477-2833,3504,1994,A
Journal of Applied Sport Psychology,Taylor & Francis Online,1041-3200,1533-1571,3504,1989,A
Journal of Gambling Studies,Springer International Publishing,1050-5350,1573-3602,3504,1985,A
Journal of Leisure Research,Taylor & Francis Ltd.,0022-2216,2159-6417,3504,1969,A
Journal of Real Estate Finance and Economics,Springer International Publishing,0895-5638,1573-045X,3504,1988,A
Journal of Sport Management,"Human Kinetics Publishers, Inc.",0888-4773,1543-270X,3504,1987,A
Leisure Sciences: an interdisciplinary journal,Taylor & Francis Online,0149-0400,1521-0588,3504,1977,A
Leisure Studies,Taylor & Francis Online,0261-4367,1466-4496,3504,1982,A
Sociology of Sport Journal,"Human Kinetics Publishers, Inc.",0741-1235,1543-2785,3504,1984,A
Sport Management Review,Elsevier,1441-3523,1839-2083,3504,1998,A
British Journal of Industrial Relations,Wiley-Blackwell Publishing,0007-1080,1467-8543,3505,1963,A*
Business History,Taylor & Francis Online,0007-6791,1743-7938,3505,1958,A*
Human Resource Management (US),Wiley-Blackwell Publishing,0090-4848,1099-050X,3505,1961,A*
ILR Review (Industrial and Labor Relations Review),Sage Publications,0019-7939,2162-271X,3505,1947,A*
Industrial Relations: a journal of economy and society,Wiley-Blackwell Publishing,0019-8676,1468-232X,3505,1961,A*
Asia-Pacific Journal of Human Resources,Wiley-Blackwell Publishing,1038-4111,1744-7941,3505,1966,A
Business History Review,Cambridge University Press,0007-6805,2044-768X,3505,1926,A
Career Development International,Emerald Group Publishing,1362-0436,1758-6003,3505,1996,A
Demographic Research,Max Planck Institute for Demographic Research,1435-9871,,3505,1999,A
Employee Relations,Emerald Group Publishing,0142-5455,1758-7069,3505,1979,A
Enterprise and Society,Cambridge University Press,1467-2227,1467-2235,3505,2000,A
European Journal of Industrial Relations,Sage Publications,0959-6801,1461-7129,3505,1995,A
"Gender, Work and Organization",Wiley-Blackwell Publishing,0968-6673,1468-0432,3505,1994,A
Human Resource Development Quarterly,Wiley-Blackwell Publishing,1044-8004,1532-1096,3505,1990,A
Human Resource Management Review,Elsevier,1053-4822,1873-7889,3505,1991,A
Industrial Relations Journal,Wiley-Blackwell Publishing,0019-8692,1468-2338,3505,1970,A
International Journal of Conflict Management,Emerald Group Publishing,1044-4068,1758-8545,3505,1990,A
International Journal of Human Resource Management,Taylor & Francis Online,0958-5192,1466-4399,3505,1990,A
International Journal of Manpower,Emerald Group Publishing,0143-7720,1758-6577,3505,1980,A
International Journal of Selection and Assessment,Wiley-Blackwell Publishing,0965-075X,1468-2389,3505,1993,A
International Negotiation: a journal of theory and practice,Brill,1382-340X,1571-8069,3505,1996,A
Journal of Career Assessment,Sage Publications,1069-0727,1552-4590,3505,1993,A
Journal of Employment Counseling,Wiley-Blackwell Publishing,0022-0787,2161-1920,3505,1964,A
Journal of Industrial Relations,Sage Publications,0022-1856,1472-9269,3505,1959,A
Journal of Professions and Organization,Oxford University Press,2051-8803,2051-8811,3505,2014,A
Labor History,Taylor & Francis Online,0023-656X,1469-9702,3505,1960,A
Labour History: a journal of labour and social history,Liverpool University Press,0023-6942,0023-6942,3505,1962,A
"New Technology, Work & Employment",Wiley-Blackwell Publishing,0268-1072,1468-005X,3505,1986,A
Personnel Review,Emerald Group Publishing,0048-3486,1758-6933,3505,1971,A
Reliability Engineering & System Safety,Elsevier,0951-8320,1879-0836,3505,1980,A
Safety Science,Elsevier,0925-7535,,3505,1991,A
Studies in Higher Education,Taylor & Francis Online,0307-5079,1470-174X,3505,1976,A
"Work & Stress: An international Journal of Work, Health and Organisations",Taylor & Francis Online,0267-8373,1464-5335,3505,1987,A
Work and Occupations,Sage Publications,0730-8884,1552-8464,3505,1974,A
"Work, Employment and Society",Sage Publications,0950-0170,1469-8722,3505,1987,A
European Journal of Marketing,Emerald Group Publishing,0309-0566,1758-7123,3506,1967,A*
Industrial Marketing Management,Elsevier,0019-8501,1873-2062,3506,1971,A*
International Journal of Research in Marketing,Elsevier,0167-8116,1873-8001,3506,1984,A*
Journal of Retailing,Elsevier,0022-4359,1873-3271,3506,1993,A*
Journal of Service Research,Sage Publications,1094-6705,1552-7379,3506,1998,A*
Appetite,Elsevier,0195-6663,1095-8304,3506,1980,A
Asia Pacific Journal of Marketing and Logistics,Emerald Group Publishing,1355-5855,1758-4248,3506,1988,A
Australasian Marketing Journal,Sage Publications,1441-3582,1839-3349,3506,1993,A
Food Quality and Preference,Elsevier,0950-3293,,3506,1988,A
Health Promotion International,Oxford University Press,0957-4824,1460-2245,3506,1986,A
International Journal of Advertising,Taylor & Francis Online,0265-0487,1759-3948,3506,1982,A
International Journal of Bank Marketing,Emerald Group Publishing,0265-2323,1758-5937,3506,1983,A
International Journal of Consumer Studies,Wiley-Blackwell Publishing,1470-6423,1470-6431,3506,1977,A
International Journal of Market Research,Sage Publications,1470-7853,2515-2173,3506,1959,A
International Journal of Public Opinion Research,Oxford University Press,,1471-6909,3506,1989,A
International Journal of Retail & Distribution Management,Emerald Group Publishing,0959-0552,1758-6690,3506,1973,A
International Marketing Review,Emerald Group Publishing,0265-1335,1758-6763,3506,1983,A
Journal of Advertising,Taylor & Francis Online,0091-3367,1557-7805,3506,1960,A
Journal of Advertising Research,Taylor & Francis Online,0021-8499,1740-1909,3506,1960,A
Journal of Brand Management,Springer International Publishing,1350-231X,1479-1803,3506,1993,A
Journal of Business & Industrial Marketing,Emerald Group Publishing,0885-8624,2052-1189,3506,1986,A
Journal of Business Research,Elsevier,0148-2963,1873-7978,3506,1973,A
Journal of Consumer Affairs,Wiley-Blackwell Publishing,0022-0078,1745-6606,3506,1967,A
Journal of Consumer Behaviour,Wiley-Blackwell Publishing,1472-0817,1479-1838,3506,2001,A
Journal of Consumer Marketing,Emerald Group Publishing,0736-3761,2052-1200,3506,1984,A
Journal of Hospitality Marketing and Management,Taylor & Francis Online,1936-8623,1936-8631,3506,2009,A
Journal of Interactive Marketing,Sage Publications,1094-9968,1520-6653,3506,1986,A
Journal of International Marketing,Sage Publications,1069-031X,1547-7215,3506,1993,A
Journal of Macromarketing,Sage Publications,0276-1467,1552-6534,3506,1981,A
Journal of Marketing Management,Taylor & Francis Online,0267-257X,1472-1376,3506,1985,A
Journal of Personal Selling & Sales Management,Taylor & Francis Online,0885-3134,1557-7813,3506,1980,A
Journal of Product & Brand Management,Emerald Group Publishing,1061-0421,2054-1643,3506,1992,A
Journal of Public Policy and Marketing,Sage Publications,0743-9156,1547-7207,3506,1982,A
Journal of Retailing and Consumer Services,Elsevier,0969-6989,1873-1384,3506,1994,A
Journal of Service Theory and Practice,Emerald Group Publishing,2055-6225,2055-6233,3506,1990,A
Journal of Services Marketing,Emerald Group Publishing,0887-6045,2054-1651,3506,1986,A
Journal of Strategic Marketing,Taylor & Francis Online,0965-254X,1466-4488,3506,1993,A
Marketing Intelligence & Planning,Emerald Group Publishing,0263-4503,1758-8049,3506,1983,A
Marketing Letters,Springer International Publishing,0923-0645,1573-059X,3506,1990,A
Marketing Theory,Sage Publications,1470-5931,1741-301X,3506,2001,A
Psychology & Marketing,Wiley-Blackwell Publishing,0742-6046,1520-6793,3506,1984,A
Public Relations Review,Elsevier,0363-8111,1873-4537,3506,1975,A
Quantitative Marketing and Economics,Springer International Publishing,1570-7156,1573-711X,3506,2003,A
Academy of Management Discoveries,Academy of Management,2168-1007,,3507,2015,A*
Advances in Experimental Social Psychology,Elsevier,0065-2601,1557-8410,3507,1964,A*
American Psychologist,American Psychological Association,0003-066X,1935-990X,3507,1946,A*
Annual Review of Organizational Psychology and Organizational Behavior,Annual Reviews,2327-0616,,3507,2014,A*
Annual Review of Psychology,Annual Reviews,0066-4308,1545-2085,3507,1950,A*
British Journal of Management,Wiley-Blackwell Publishing,1045-3172,1467-8551,3507,1990,A*
Gender and Society,Sage Publications,0891-2432,1552-3977,3507,1987,A*
Human Relations,Sage Publications,0018-7267,1741-282X,3507,1947,A*
International Journal of Management Reviews,Wiley-Blackwell Publishing,1460-8545,1468-2370,3507,1999,A*
International Journal of Project Management,Elsevier,0263-7863,1873-4634,3507,1983,A*
Journal of Occupational and Organizational Psychology,Wiley-Blackwell Publishing,0963-1798,2044-8325,3507,1975,A*
Journal of Organizational Behavior,Wiley-Blackwell Publishing,0894-3796,1099-1379,3507,1980,A*
Journal of Personality and Social Psychology,American Psychological Association,0022-3514,1939-1315,3507,1965,A*
Journal of Vocational Behavior,Elsevier,0001-8791,1095-9084,3507,1971,A*
Journal of World Business,Elsevier,1090-9516,1878-5573,3507,1997,A*
Long Range Planning,Elsevier,0024-6301,1873-1872,3507,1968,A*
Organizational Research Methods,Sage Publications,1094-4281,1552-7425,3507,1998,A*
Personality and Social Psychology Bulletin,Sage Publications,0146-1672,1552-7433,3507,1974,A*
Sociology,Sage Publications,0038-0385,1469-8684,3507,1967,A*
The Leadership Quarterly,Elsevier,1048-9843,1873-3409,3507,1990,A*
Academy of Management Perspectives,Academy of Management,1558-9080,1943-4529,3507,1987,A
Acta Psychologica,Elsevier,0001-6918,1873-6297,3507,1936,A
"Alternatives: global, local, political",Sage Publications,0304-3754,2163-3150,3507,1974,A
Annals of Operations Research,Springer International Publishing,0254-5330,1572-9338,3507,1984,A
Applied Psychology: An International Review,Wiley-Blackwell Publishing,0269-994X,1464-0597,3507,1952,A
Asia Pacific Journal of Management,Springer International Publishing,0217-4561,1572-9958,3507,1983,A
British Journal of Social Psychology,Wiley-Blackwell Publishing,0144-6665,2044-8309,3507,1962,A
British Journal of Sociology,Wiley-Blackwell Publishing,0007-1315,1468-4446,3507,1950,A
Business Ethics Quarterly,Cambridge University Press,1052-150X,2153-3326,3507,1991,A
Business Strategy and the Environment,Wiley-Blackwell Publishing,0964-4733,1099-0836,3507,1992,A
Business and Society,Sage Publications,0007-6503,1552-4205,3507,1960,A
California Management Review,Sage Publications,0008-1256,2162-8564,3507,1958,A
Corporate Governance: an international review,Wiley-Blackwell Publishing,0964-8410,1467-8683,3507,1993,A
Educational and Psychological Measurement,Sage Publications,0013-1644,1552-3888,3507,1941,A
Entrepreneurship and Regional Development,Taylor & Francis Online,0898-5626,1464-5114,3507,1989,A
"Ethics: an international journal of social, political, and legal philosophy",The University of Chicago Press,0014-1704,1539-297X,3507,1888,A
European Journal of Personality,Sage Publications,0890-2070,1099-0984,3507,1987,A
European Journal of Social Psychology,Wiley-Blackwell Publishing,0046-2772,1099-0992,3507,1971,A
European Journal of Work and Organizational Psychology,Taylor & Francis Online,1359-432X,1464-0643,3507,1991,A
European Management Journal,Elsevier,0263-2373,1873-5681,3507,1982,A
Family Business Review,Sage Publications,0894-4865,1741-6248,3507,1988,A
Global Journal of Flexible Systems Management,Springer Nature,0972-2696,0974-0198,3507,2000,A
Global Strategy Journal,Wiley-Blackwell Publishing,2042-5791,2042-5805,3507,,A
Group & Organization Management,Sage Publications,1059-6011,1552-3993,3507,1976,A
Harvard Business Review,Harvard Business Publishing,0017-8012,,3507,1922,A
Health Care Management Review,Lippincott Williams & Wilkins,0361-6274,1550-5030,3507,1976,A
Human Performance,Taylor & Francis Online,0895-9285,1532-7043,3507,1988,A
Industrial and Corporate Change,Oxford University Press,0960-6491,1464-3650,3507,1992,A
Industry and Innovation,Taylor & Francis Online,1366-2716,1469-8390,3507,1993,A
International Business Review,Elsevier,0969-5931,1873-6149,3507,1992,A
International Journal of Entrepreneurial Behaviour and Research,Emerald Group Publishing,1355-2554,1758-6534,3507,1995,A
International Journal of Operations & Production Management,Emerald Group Publishing,0144-3577,1758-6593,3507,1980,A
International Journal of Production Economics,Elsevier,0925-5273,1873-7579,3507,1976,A
International Journal of Production Research,Taylor & Francis Online,0020-7543,1366-588X,3507,1961,A
International Journal of Stress Management,American Psychological Association,1072-5245,1573-3424,3507,1994,A
International Small Business Journal,Sage Publications,0266-2426,1741-2870,3507,1982,A
Journal of Business Ethics,Springer International Publishing,0167-4544,1573-0697,3507,1982,A
Journal of Business Venturing Insights,Elsevier,2352-6734,,3507,2014,A
Journal of Business and Psychology,Springer International Publishing,0889-3268,1573-353X,3507,1986,A
Journal of Cross-Cultural Psychology,Sage Publications,0022-0221,1552-5422,3507,1970,A
Journal of Experimental Psychology: Applied,American Psychological Association,1076-898X,1939-2192,3507,1995,A
"Journal of Experimental Psychology: learning, memory, and cognition",American Psychological Association,0278-7393,1939-1285,3507,1975,A
Journal of Experimental Social Psychology,Elsevier,0022-1031,1096-0465,3507,1965,A
Journal of International Management,Elsevier,1075-4253,1873-0620,3507,1995,A
Journal of Leadership and Organizational Studies,Sage Publications,1548-0518,1939-7089,3507,1993,A
Journal of Management & Organization,Cambridge University Press,1833-3672,1839-3527,3507,1995,A
Journal of Management Inquiry,Sage Publications,1056-4926,1552-6542,3507,1992,A
Journal of Management in Engineering,American Society of Civil Engineers,0742-597X,1943-5479,3507,1985,A
Journal of Occupational Health Psychology,American Psychological Association,1076-8998,1939-1307,3507,1996,A
Journal of Optimization Theory and Applications,Springer International Publishing,0022-3239,1573-2878,3507,1967,A
Journal of Personality,Wiley-Blackwell Publishing,0022-3506,1467-6494,3507,1932,A
Journal of Policy Analysis and Management,Wiley-Blackwell Publishing,0276-8739,1520-6688,3507,1981,A
Journal of Service Management,Emerald Group Publishing,1757-5818,1757-5826,3507,1990,A
Journal of Small Business Management,Taylor & Francis Online,0047-2778,1540-627X,3507,1963,A
Journal of Social Issues,Wiley-Blackwell Publishing,0022-4537,1540-4560,3507,1944,A
Journal of Social Policy,Cambridge University Press,0047-2794,1469-7823,3507,1972,A
Journal of Technology Transfer,Springer International Publishing,0892-9912,1573-7047,3507,1976,A
Journal of the Operational Research Society,Springer International Publishing,0160-5682,1476-9360,3507,1950,A
MIT Sloan Management Review,MIT Press,1532-9194,1532-8937,3507,1960,A
Management International Review,Springer International Publishing,0938-8249,1861-8901,3507,1961,A
Management Learning,Sage Publications,1350-5076,1461-7307,3507,1970,A
Management and Organization Review,Cambridge University Press,1740-8776,1740-8784,3507,2004,A
Nonprofit and Voluntary Sector Quarterly,Sage Publications,0899-7640,1552-7395,3507,1972,A
Organization,Sage Publications,1350-5084,1461-7323,3507,1994,A
Organization & Environment,Sage Publications,1086-0266,1552-7417,3507,1987,A
Organization Theory,Sage Publications,2631-7877,2631-7877,3507,2020,A
Organizational Dynamics,Elsevier,0090-2616,1873-3530,3507,1972,A
Organizational Psychology Review,Sage Publications,2041-3866,2041-3874,3507,2011,A
Personality and Individual Differences,Elsevier,0191-8869,1873-3549,3507,1980,A
Production Planning and Control,Taylor & Francis Online,0953-7287,1366-5871,3507,1990,A
Psychological Research,Springer International Publishing,0340-0727,1430-2772,3507,1921,A
Psychology of Women Quarterly,Sage Publications,0361-6843,1471-6402,3507,1976,A
Public Management Review,Taylor & Francis Online,1471-9037,1471-9045,3507,1999,A
Public Money & Management,Taylor & Francis Online,0954-0962,1467-9302,3507,1981,A
Quarterly Journal of Experimental Psychology,Sage Publications,1747-0218,1747-0226,3507,1948,A
R&D Management,Wiley-Blackwell Publishing,0033-6807,1467-9310,3507,1970,A
Research in Organizational Behavior,Elsevier,0191-3085,,3507,1979,A
Review of Managerial Science,Springer Nature,1863-6691,1863-6683,3507,2007,A
Sex Roles,Springer International Publishing,0360-0025,1573-2762,3507,1975,A
Small Business Economics,Springer International Publishing,0921-898X,1573-0913,3507,1989,A
Small Group Research,Sage Publications,1046-4964,1552-8278,3507,1969,A
Social Forces,Oxford University Press,0037-7732,1534-7605,3507,1925,A
Social Problems,Oxford University Press,0037-7791,1533-8533,3507,1953,A
Sociological Inquiry,Wiley-Blackwell Publishing,,1475-682X,3507,1930,A
Sociological Methodology,Sage Publications,0081-1750,1467-9531,3507,1969,A
Sociological Theory,Sage Publications,0735-2751,1467-9558,3507,1983,A
Strategic Organization,Sage Publications,1476-1270,1741-315X,3507,2003,A
Stress and Health,Wiley-Blackwell Publishing,1532-3005,1532-2998,3507,1985,A
Structural Equation Modelling: A Multidisciplinary Journal,Taylor & Francis Online,1070-5511,1532-8007,3507,1994,A
Technovation,Elsevier,0166-4972,1879-2383,3507,1981,A
The Sociological Review,Sage Publications,0038-0261,1467-954X,3507,1908,A
Annals of Tourism Research,Elsevier,0160-7383,1873-7722,3508,1973,A*
Journal of Hospitality and Tourism Management,Elsevier,1447-6770,1839-5260,3508,1994,A*
Journal of Sustainable Tourism,Taylor & Francis Online,0966-9582,1747-7646,3508,1993,A*
Journal of Travel Research,Sage Publications,0047-2875,1552-6763,3508,1962,A*
Tourism Management,Elsevier,0261-5177,1879-3193,3508,1983,A*
Tourism Management Perspectives,Elsevier,2211-9736,,3508,2012,A*
Asia Pacific Journal of Tourism Research,Taylor & Francis Online,1094-1665,1741-6507,3508,1996,A
Current Issues in Tourism,Taylor & Francis Online,1368-3500,1747-7603,3508,1998,A
Event Management,Cognizant Communication Corporation,1525-9951,1943-4308,3508,1993,A
Information Technology & Tourism,Springer International Publishing,1098-3058,1943-4294,3508,1998,A
International Journal of Tourism Research,Wiley-Blackwell Publishing,1099-2340,1522-1970,3508,1998,A
Journal of Destination Marketing & Management,Elsevier,2212-571X,2212-5752,3508,2012,A
Journal of Hospitality and Tourism Research,Sage Publications,1096-3480,1557-7554,3508,1976,A
Journal of Travel & Tourism Marketing,Taylor & Francis Online,1054-8408,1540-7306,3508,1992,A
Journal of Vacation Marketing,Sage Publications,1356-7667,1479-1870,3508,1995,A
Scandinavian Journal of Hospitality and Tourism,Taylor & Francis Online,1502-2250,1502-2269,3508,2001,A
Tourism Analysis,Cognizant Communication Corporation,1083-5423,1943-3999,3508,1996,A
Tourism Economics,Sage Publications,1354-8166,2044-0375,3508,1995,A
Tourism Geographies,Taylor & Francis Online,1461-6688,1470-1340,3508,1999,A
Tourism Planning & Development,Taylor & Francis Online,2156-8316,2156-8324,3508,2004,A
Tourism Recreation Research,Taylor & Francis Online,0250-8281,2320-0308,3508,1976,A
Tourism Review,Emerald Group Publishing,1660-5373,1759-8451,3508,2001,A
Visitor Studies,Taylor & Francis Online,1064-5578,1934-7715,3508,1988,A
Accident Analysis and Prevention,Elsevier,0001-4575,1879-2057,3509,1969,A*
Decision Sciences,Wiley-Blackwell Publishing,0011-7315,1540-5915,3509,1970,A*
Journal of Supply Chain Management,Wiley-Blackwell Publishing,1523-2409,1745-493X,3509,1965,A*
Transportation Research Part A: Policy and Practice,Elsevier,0965-8564,1879-2375,3509,1967,A*
Transportation Research Part B: Methodological,Elsevier,0191-2615,1879-2367,3509,1979,A*
Transportation Research Part C: Emerging Technologies,Elsevier,0968-090X,1879-2359,3509,1993,A*
Transportation Research Part E: Logistics and Transportation Review,Elsevier,1366-5545,1878-5794,3509,1964,A*
Transportation Science,The Institute for Operations Research and the Management Sciences (INFORMS),0041-1655,1526-5447,3509,1967,A*
IEEE Transactions on Intelligent Transportation Systems,Institute of Electrical and Electronics Engineers,1524-9050,1558-0016,3509,2000,A
International Journal of Physical Distribution & Logistics Management,Emerald Group Publishing,0960-0035,1758-664X,3509,1970,A
Journal of Business Logistics,Wiley-Blackwell Publishing,0735-3766,2158-1592,3509,1978,A
Journal of Purchasing and Supply Management,Elsevier,1478-4092,1873-6505,3509,1992,A
Journal of Safety Research,Elsevier,0022-4375,1879-1247,3509,1969,A
Journal of Transport Geography,Elsevier,0966-6923,1873-1236,3509,1993,A
Supply Chain Management: an international journal,Emerald Group Publishing,1359-8546,1758-6852,3509,1996,A
The International Journal of Logistics Management,Emerald Group Publishing,0957-4093,1758-6550,3509,1990,A
Transport Policy,Elsevier,0967-070X,1879-310X,3509,1993,A
Transport Reviews,Taylor & Francis Online,0144-1647,1464-5327,3509,1981,A
Transportation,Springer International Publishing,0049-4488,1572-9435,3509,1972,A
Transportation Research Part D: Transport and Environment,Elsevier,1361-9209,1879-2340,3509,1996,A
Transportation Research Part F: Traffic Psychology and Behaviour,Elsevier,1369-8478,1873-5517,3509,1998,A
Travel Behaviour and Society,Elsevier,2214-367X,,3509,2014,A
American Journal of Public Health,The American Public Health Association,0090-0036,1541-0048,3599,1911,A*
British Journal of Political Science,Cambridge University Press,0007-1234,1469-2112,3599,1971,A*
Environment and Planning A: Economy and Space,Sage Publications,0308-518X,1472-3409,3599,1968,A*
Environment and Planning B: Urban Analytics and City Science,Sage Publications,0265-8135,1472-3417,3599,1969,A*
Global Environmental Change,Elsevier,0959-3780,1872-9495,3599,1990,A*
Journal of Product Innovation Management,Wiley-Blackwell Publishing,0737-6782,1540-5885,3599,1984,A*
Regional Studies,Taylor & Francis Online,0034-3404,1360-0591,3599,1967,A*
Urban Studies: an international journal for research in urban studies,Sage Publications,0042-0980,1360-063X,3599,1964,A*
Applied Energy,Elsevier,0306-2619,,3599,1975,A
Australian Journal of International Affairs,Taylor & Francis Online,1035-7718,1465-332X,3599,1947,A
Australian Journal of Political Science,Taylor & Francis Online,1036-1146,1363-030X,3599,1956,A
Australian Journal of Public Administration,Wiley-Blackwell Publishing,0313-6647,1467-8500,3599,1937,A
Building Research and Information,Taylor & Francis Online,0961-3218,1466-4321,3599,1970,A
Communication Research,Sage Publications,0093-6502,1552-3810,3599,1974,A
Communication Theory,Oxford University Press,1050-3293,1468-2885,3599,1991,A
Comparative Political Studies,Sage Publications,0010-4140,1552-3829,3599,1968,A
Comparative Politics,City University of New York,0010-4159,2151-6227,3599,1968,A
Design Studies,Elsevier,0142-694X,1872-6909,3599,1979,A
Disasters,Wiley-Blackwell Publishing,0361-3666,1467-7717,3599,1977,A
Discourse & Communication,Sage Publications,1750-4813,1750-4821,3599,2007,A
Discourse & Society,Sage Publications,0957-9265,1460-3624,3599,1990,A
Discourse Studies,Sage Publications,1461-4456,1461-7080,3599,1999,A
Ecology,Wiley-Blackwell Publishing,0012-9658,1939-9170,3599,1920,A
Environment and Planning D: society and space,Sage Publications,0263-7758,1472-3433,3599,1983,A
Environmental Education Research,Taylor & Francis Online,1350-4622,1469-5871,3599,1995,A
Environmental Innovation and Societal Transitions,Elsevier,,2210-4224,3599,2011,A
European Journal of International Relations,Sage Publications,1354-0661,1460-3713,3599,1995,A
European Journal of Political Research,Wiley-Blackwell Publishing,0304-4130,1475-6765,3599,1973,A
European Research on Management and Business Economics,European Academy of Management and Business Economics (AEDEM) - Elsevier,2444-8834,2444-8842,3599,,A
European Urban and Regional Studies,Sage Publications,0969-7764,1461-7145,3599,1994,A
Evaluation Review,Sage Publications,0193-841X,1552-3926,3599,1977,A
Global Networks: A Journal of Transnational Affairs,Wiley-Blackwell Publishing,1470-2266,1471-0374,3599,2001,A
Health Services Research,Wiley-Blackwell Publishing,0017-9124,1475-6773,3599,1966,A
International Affairs,Oxford University Press,0020-5850,1468-2346,3599,1922,A
International Journal of Disaster Risk Reduction,Elsevier,2212-4209,,3599,2012,A
International Migration,Wiley-Blackwell Publishing,0020-7985,1468-2435,3599,1961,A
International Migration Review,Sage Publications,0197-9183,1747-7379,3599,1966,A
International Studies Quarterly,Wiley-Blackwell Publishing,0020-8833,1468-2478,3599,1957,A
Journal of Communication,Oxford University Press,0021-9916,1460-2466,3599,1951,A
Journal of Environmental Psychology,Elsevier,0272-4944,1522-9610,3599,,A
"Journal of Health Politics, Policy and Law",Duke University Press,0361-6878,1527-1927,3599,1976,A
Journal of Population Research,Springer International Publishing,1443-2447,1835-9469,3599,1984,A
Journal of Urban Affairs,Taylor & Francis Online,0735-2166,1467-9906,3599,1996,A
Land Use Policy,Elsevier,0264-8377,1873-5754,3599,1984,A
Local Government Studies,Taylor & Francis Online,0300-3930,1743-9388,3599,1971,A
Motivation and Emotion,Springer International Publishing,0146-7239,1573-6644,3599,1977,A
Philosophy & Public Affairs,Wiley-Blackwell Publishing,0048-3915,1088-4963,3599,1971,A
Policy and Politics: an international journal,Policy Press,0305-5736,1470-8442,3599,1972,A
Political Communication,Taylor & Francis Online,1058-4609,1091-7675,3599,1980,A
Political Science Quarterly,Oxford University Press,,1538-165X,3599,1886,A
Politics and Gender,Cambridge University Press,1743-923X,1743-9248,3599,2005,A
Population Research and Policy Review,Springer International Publishing,0167-5923,1573-7829,3599,1982,A
Population Studies: a journal of demography,Taylor & Francis Online,0032-4728,1477-4747,3599,1947,A
Population and Development Review,Wiley-Blackwell Publishing,0098-7921,1728-4457,3599,1975,A
Population and Environment,Springer International Publishing,0199-0039,1573-7810,3599,1978,A
"Population, Space and Place",Wiley-Blackwell Publishing,1544-8444,1544-8452,3599,1995,A
Public Administration Quarterly,Sage Publications,0734-9149,2327-4433,3599,1977,A
Public Administration and Development,Wiley-Blackwell Publishing,0271-2075,1099-162X,3599,1949,A
Public Administration: an international journal,Wiley-Blackwell Publishing,0033-3298,1467-9299,3599,1922,A
Public Opinion Quarterly,Oxford University Press,0033-362X,1537-5331,3599,1937,A
Quality of Life Research,Springer International Publishing,0962-9343,1573-2649,3599,1992,A
"Regional Studies, Regional Science",Taylor & Francis Online,,2168-1376,3599,2014,A
Science Communication,Sage Publications,1075-5470,1552-8545,3599,1994,A
Scientometrics,Springer International Publishing,0138-9130,1588-2861,3599,1979,A
Security Dialogue,Sage Publications,0967-0106,1460-3640,3599,1970,A
Social Indicators Research,Springer International Publishing,0303-8300,1573-0921,3599,1974,A
Social Policy & Administration,Wiley-Blackwell Publishing,0144-5596,1467-9515,3599,1967,A
Studies in Comparative International Development,Springer International Publishing,0039-3606,1936-6167,3599,1965,A
The China Quarterly,Cambridge University Press,0305-7410,1468-2648,3599,1960,A
The Pacific Review,Taylor & Francis Online,0951-2748,1470-1332,3599,,A
Third World Quarterly,Taylor & Francis Online,0413-6597,1360-2241,3599,1979,A
Water Resources Research,Wiley-Blackwell Publishing,0043-1397,1944-7973,3599,1965,A
World Politics,Johns Hopkins University Press,0043-8871,1086-3338,3599,1948,A
American Economic Journal: Applied Economics,American Economic Association,1945-7782,1945-7790,3801,2009,A*
American Economic Journal: Economic Policy,American Economic Association,1945-7731,1945-774X,3801,2009,A*
American Journal of Agricultural Economics,Oxford University Press,0002-9092,1467-8276,3801,1919,A*
American Journal of Health Economics,MIT Press,2332-3493,2332-3507,3801,2015,A*
Annual Review of Economics,Annual Reviews,1941-1383,1941-1391,3801,2009,A*
Health Economics,Wiley-Blackwell Publishing,1057-9230,1099-1050,3801,1992,A*
International Economic Review,Wiley-Blackwell Publishing,0020-6598,1468-2354,3801,1960,A*
Journal of Development Economics,Elsevier,0304-3878,1872-6089,3801,1974,A*
Journal of Economic Dynamics and Control,Elsevier,0165-1889,1879-1743,3801,1979,A*
Journal of Economic Growth,Springer International Publishing,1381-4338,1573-7020,3801,1996,A*
Journal of Economic Literature,American Economic Association,0002-0515,2328-8175,3801,1963,A*
Journal of Health Economics,Elsevier,0167-6296,1879-1646,3801,1982,A*
Journal of Human Resources,The University of Wisconsin Press,0022-166X,1548-8004,3801,1966,A*
Journal of Labor Economics,University of Chicago Press,0734-306X,1537-5307,3801,1983,A*
Journal of Monetary Economics,Elsevier,0304-3932,1873-1295,3801,1975,A*
"Journal of Money, Credit and Banking",Wiley-Blackwell Publishing,0022-2879,1538-4616,3801,1969,A*
Journal of Population Economics,Springer International Publishing,0933-1433,1432-1475,3801,1988,A*
Journal of Urban Economics,Elsevier,0094-1190,1095-9068,3801,1974,A*
Journal of the Association of Environmental and Resource Economists,University of Chicago Press,2333-5955,2333-5963,3801,2014,A*
Labour Economics,Elsevier,0927-5371,1879-1034,3801,1993,A*
Review of Economic Dynamics,Elsevier,1094-2025,1096-6099,3801,1998,A*
The Economic History Review: a journal of economic and social history,Wiley-Blackwell Publishing,0013-0117,1468-0289,3801,1927,A*
The Economic Journal,Wiley-Blackwell Publishing,0013-0133,1468-0297,3801,1891,A*
The Journal of Economic History,Cambridge University Press,0022-0507,1471-6372,3801,1941,A*
The Review of Economics and Statistics,The MIT Press,0034-6535,1530-9142,3801,1917,A*
World Development,Elsevier,0305-750X,1873-5991,3801,1973,A*
Agricultural Economics,Wiley-Blackwell Publishing,0169-5150,1574-0862,3801,1928,A
Applied Economics,Taylor & Francis Online,0003-6846,1466-4283,3801,1969,A
Brookings Papers on Economic Activity,Brookings Institutions,0007-2303,1533-4465,3801,1970,A
Cambridge Journal of Economics,Oxford University Press,0309-166X,1464-3545,3801,1977,A
Canadian Journal of Agricultural Economics / Revue Canadienne d Agroeconomie,Wiley-Blackwell Publishing,0008-3976,1744-7976,3801,1952,A
Canadian Journal of Economics / Revue Canadienne D'Economique,Wiley-Blackwell Publishing,0008-4085,1540-5982,3801,1968,A
China Economic Review,Elsevier,1043-951X,1873-7781,3801,1989,A
Demography,Springer International Publishing,0070-3370,1533-7790,3801,1964,A
Economic Analysis and Policy,Elsevier,0313-5926,2204-2296,3801,1970,A
Economic Development and Cultural Change,The University of Chicago Press,0013-0079,1539-2988,3801,1952,A
Economic Geography,Taylor & Francis Online,0013-0095,1944-8287,3801,1925,A
Economic Inquiry,Wiley-Blackwell Publishing,0095-2583,1465-7295,3801,1962,A
Economic Modelling,Elsevier,0264-9993,1873-6122,3801,1984,A
Economic Policy: a European forum,Oxford University Press,0266-4658,1468-0327,3801,1985,A
Economic and Industrial Democracy: an international journal,Sage Publications,0143-831X,1461-7099,3801,1980,A
Economica,Wiley-Blackwell Publishing,0013-0427,1468-0335,3801,1921,A
Economics & Politics,Wiley-Blackwell Publishing,0954-1985,1468-0343,3801,1989,A
Economics and Human Biology,Elsevier,1570-677X,1873-6130,3801,2003,A
Economics and Philosophy,Cambridge University Press,0266-2671,1474-0028,3801,1985,A
Economics of Education Review,Elsevier,0272-7757,1873-7382,3801,1981,A
Economics of Transition and Institutional Change,Wiley-Blackwell Publishing,2577-6975,2577-6983,3801,1993,A
Economy and Society,Taylor & Francis Online,0308-5147,1469-5766,3801,1972,A
Education Finance and Policy,MIT Press,1557-3060,1557-3079,3801,2006,A
Empirical Economics,Springer International Publishing,0377-7332,1435-8921,3801,1976,A
Energy Journal,Sage Publications,0195-6574,1944-9089,3801,1980,A
European Journal of Health Economics,Springer International Publishing,1618-7598,1618-7601,3801,2002,A
European Review of Agricultural Economics,Oxford University Press,0165-1587,1464-3618,3801,1973,A
European Review of Economic History,Oxford University Press,1361-4916,1474-0044,3801,1997,A
Explorations in Economic History,Elsevier,0014-4983,1090-2457,3801,1963,A
Feminist Economics,Taylor & Francis Online,1354-5701,1466-4372,3801,1995,A
Health Policy,Elsevier,0168-8510,1872-6054,3801,1984,A
IMF Economic Review,Palgrave Macmillan,2041-4161,2041-417X‎,3801,2011,A
IZA Journal of Labor Economics,Springer Nature,,2193-8997,3801,2012,A
"International Environmental Agreements: Politics, Law and Economics",Springer International Publishing,1567-9764,1573-1553,3801,2001,A
International Journal of Central Banking,Association of the International Journal of Central Banking,1815-4654,,3801,2005,A
Journal of African Economies,Oxford University Press,0963-8024,1464-3723,3801,1992,A
Journal of Agricultural Economics,Wiley-Blackwell Publishing,0021-857X,1477-9552,3801,1928,A
Journal of Development Studies,Taylor & Francis Online,0022-0388,1743-9140,3801,1964,A
Journal of Economic Psychology,Elsevier,0167-4870,1872-7719,3801,1981,A
Journal of Economic Science Association,Springer International Publishing,2199-6776,2199-6784,3801,2015,A
Journal of Economic Surveys,Wiley-Blackwell Publishing,0950-0804,1467-6419,3801,1987,A
Journal of Evolutionary Economics,Springer International Publishing,0936-9937,1432-1386,3801,1991,A
Journal of Housing Economics,Elsevier,1051-1377,1096-0791,3801,1991,A
Journal of Human Capital,The University of Chicago Press,1932-8575,1932-8664,3801,2007,A
Journal of Macroeconomics,Elsevier,0164-0704,1873-152X,3801,1979,A
Journal of Mathematical Economics,Elsevier,0304-4068,1873-1538,3801,1974,A
Journal of Policy Modeling,Elsevier,0161-8938,1873-8060,3801,1979,A
Journal of Productivity Analysis,Springer International Publishing,0895-562X,1573-0441,3801,1989,A
Journal of Regional Science,Wiley-Blackwell Publishing,0022-4146,1467-9787,3801,1958,A
Journal of the Japanese and International Economies,Elsevier,0889-1583,1095-8681,3801,1987,A
Kyklos,Wiley-Blackwell Publishing,0023-5962,1467-6435,3801,1947,A
Land Economics,University of Wisconsin Press,0023-7639,1543-8325,3801,1925,A
Macroeconomic Dynamics,Cambridge University Press,1365-1005,1469-8056,3801,1997,A
Marine Resource Economics,University of Chicago Press,0738-1360,2334-5985,3801,1983,A
Mathematical Social Sciences,Elsevier,0165-4896,1879-3118,3801,1980,A
New Political Economy,Taylor & Francis Online,1356-3467,1469-9923,3801,1996,A
Oxford Economic Papers,Oxford University Press,0030-7653,1464-3812,3801,1938,A
Papers in Regional Science,Wiley-Blackwell Publishing,1056-8190,1435-5957,3801,1955,A
Regional Science and Urban Economics,Elsevier,0166-0462,1879-2308,3801,1971,A
Renewable and Sustainable Energy Reviews,Elsevier ScienceDirect,1364-0321,1879-0690,3801,,A
Resource and Energy Economics,Elsevier,0928-7655,,3801,1978,A
Review of Development Economics,Wiley-Blackwell Publishing,1363-6669,1467-9361,3801,1997,A
Review of Economics of the Household,Springer International Publishing,1569-5239,1573-7152,3801,2003,A
Review of Environmental Economics and Policy,Oxford University Press,1750-6816,1750-6824,3801,2007,A
Review of Income and Wealth,Wiley-Blackwell Publishing,,1475-4991,3801,1966,A
Review of International Economics,Wiley-Blackwell Publishing,0965-7576,1467-9396,3801,1992,A
Review of International Political Economy,Taylor & Francis Online,0969-2290,1466-4526,3801,1994,A
Scandinavian Journal of Economics,Wiley-Blackwell Publishing,0347-0520,1467-9442,3801,1899,A
Scottish Journal of Political Economy,Wiley-Blackwell Publishing,0036-9292,1467-9485,3801,1954,A
Socio-Economic Review,Oxford University Press,1475-1461,1475-147X,3801,2003,A
Southern Economic Journal,Wiley-Blackwell Publishing,0038-4038,2325-8012,3801,1933,A
The Australian Journal of Agricultural and Resource Economics,Wiley-Blackwell Publishing,1364-985X,1467-8489,3801,1997,A
The Economic Record,Wiley-Blackwell Publishing,0013-0249,1475-4932,3801,1925,A
The Journal of Economic Inequality,Springer International Publishing,1569-1721,1573-8701,3801,2003,A
The World Bank Economic Review,Oxford University Press,0258-6770,1564-698X,3801,1986,A
The World Economy,Wiley-Blackwell Publishing,0378-5920,1467-9701,3801,1968,A
Econometric Theory,Cambridge University Press,0266-4666,1469-4360,3802,1985,A*
Econometrics Journal,Oxford University Press,1368-4221,1368-423X,3802,1998,A*
Journal of Applied Econometrics,Wiley-Blackwell Publishing,0883-7252,1099-1255,3802,1986,A*
Journal of Business & Economic Statistics,Taylor & Francis Online,0735-0015,1537-2707,3802,1983,A*
Quantitative Economics,Wiley-Blackwell Publishing,1759-7323,1759-7331,3802,2010,A*
Econometric Reviews,Taylor & Francis Online,0747-4938,1532-4168,3802,1982,A
Journal of Forecasting,Wiley-Blackwell Publishing,0277-6693,1099-131X,3802,1982,A
Journal of Time Series Analysis,Wiley-Blackwell Publishing,0143-9782,1467-9892,3802,1980,A
Oxford Bulletin of Economics and Statistics,Wiley-Blackwell Publishing,0305-9049,1468-0084,3802,1939,A
Studies in Nonlinear Dynamics & Econometrics,De Gruyter,1081-1826,1558-3708,3802,1996,A
Economic Theory,Springer International Publishing,0938-2259,1432-0479,3803,1991,A*
History of Political Economy,Duke University Press,0018-2702,1527-1919,3803,1969,A
International Journal of Game Theory,Springer International Publishing,0020-7276,1432-1270,3803,1971,A
NBER Macroeconomics Annual,University of Chicago Press,0889-3365,1537-2642,3803,1986,A
The BE Journal of Economic Analysis and Policy,De Gruyter,1935-1682,1555-0494,3803,2001,A
The BE Journal of Macroeconomics,De Gruyter,1935-1690,,3803,2007,A
The BE Journal of Theoretical Economics,De Gruyter,1935-1704,,3803,2001,A
Ecological Economics,Elsevier,0921-8009,1873-6106,3899,1989,A
Journal of Agricultural and Resource Economics,Western Agricultural Economics Association,1068-5502,2327-8285,3899,1992,A
Journal of Comparative Economics,Elsevier,0147-5967,1095-7227,3899,1977,A
Journal of Economic Geography,Oxford University Press,1468-2702,1468-2710,3899,2001,A
PharmacoEconomics,Springer International Publishing,1170-7690,1179-2027,3899,1992,A
Social Science & Medicine,Elsevier ScienceDirect,0277-9536,1873-5347,3899,,A
Value in Health,Elsevier ScienceDirect / ISPOR,1098-3015,,3899,,A
European Journal of Information Systems,Taylor & Francis Online,0960-085X,1476-9344,4609,1991,A*
Information & Management,Elsevier,0378-7206,1872-7530,4609,1977,A*
Information Systems Journal,Wiley-Blackwell Publishing,1350-1917,1365-2575,4609,1991,A*
Information and Organization,Elsevier,1471-7727,1873-7919,4609,1990,A*
Journal of Information Technology,Sage Publications,0268-3962,1466-4437,4609,1986,A*
Journal of Strategic Information Systems,Elsevier,0963-8687,1873-1198,4609,1991,A*
AIS Transactions on Human-Computer Interaction,Association for Information Systems,1944-3900,,4609,2009,A
Australasian Journal of Information Systems,Australasian Association for Information Systems (AAIS),1449-8618,1326-2238,4609,1983,A
Behaviour and Information Technology,Taylor & Francis Online,0144-929X,1362-3001,4609,1982,A
British Journal of Educational Technology,Wiley-Blackwell Publishing,0007-1013,1467-8535,4609,1970,A
Business & Information Systems Engineering,Springer International Publishing,2363-7005,1867-0202,4609,2009,A
Communications of the Association for Information Systems,Association for Information Systems (AIS),1529-3181,,4609,1999,A
Data Base for Advances in Information Systems,Sheridan Press,0095-0033,1532-0936,4609,1969,A
Electronic Commerce Research,Springer International Publishing,1389-5753,1572-9362,4609,2001,A
Electronic Markets,Springer Nature,1019-6781,1422-8890,4609,1991,A
Enterprise Information Systems,Taylor & Francis Online,1751-7575,1751-7583,4609,2007,A
Government Information Quarterly,Elsevier,0740-624X,1872-9517,4609,1984,A
Human-Computer Interaction,Taylor & Francis Online,0737-0024,1532-7051,4609,1985,A
Industrial Management & Data Systems,Emerald Group Publishing,0263-5577,1758-5783,4609,1980,A
Information Systems Frontiers,Springer International Publishing,1387-3326,1572-9419,4609,1999,A
Information Systems Management,Taylor & Francis Online,1058-0530,1934-8703,4609,1984,A
Information Technology & People,Emerald Group Publishing,0959-3845,1758-5813,4609,1982,A
Information Technology for Development,Association for Information Systems (AIS),0268-1102,1554-0170,4609,1986,A
"Information, Communication & Society",Taylor & Francis Online,1369-118X,1468-4462,4609,1998,A
International Journal of Electronic Commerce,Taylor & Francis Online,1086-4415,1557-9301,4609,1996,A
International Journal of Information Management,Elsevier,0268-4012,1873-4707,4609,1980,A
Internet Research,Emerald Group Publishing,1066-2243,2054-5657,4609,1991,A
Journal of Computer Information Systems,Taylor & Francis Online,0887-4417,2380-2057,4609,1960,A
Journal of Database Management,IGI Global,1063-8016,1533-8010,4609,1990,A
Journal of Enterprise Information Management,Emerald Group Publishing,1741-0398,1758-7409,4609,1988,A
Journal of Global Information Management,IGI Global,1062-7375,1533-7995,4609,1993,A
Journal of Knowledge Management,Emerald Group Publishing,1367-3270,1758-7484,4609,1997,A
Journal of Organizational Computing and Electronic Commerce,Taylor & Francis Online,1091-9392,1532-7744,4609,1991,A
Knowledge Management Research and Practice,Taylor & Francis Online,1477-8238,1477-8246,4609,2003,A
MIS Quarterly Executive,"Kelley School of Business, Department of Information Systems, Indiana University",1540-1960,1540-1979,4609,2002,A
Scandinavian Journal of Information Systems,University of Aalborg,0905-0167,,4609,1989,A
The Information Society,Taylor & Francis Online,0197-2243,1087-6537,4609,,A
Australian Tax Forum,Tax Institute,0812-695X,,4801,1984,A*
Boston University Law Review,Boston University School of Law,0006-8047,,4801,1921,A*
British Tax Review,Sweet & Maxwell,0007-1870,,4801,1956,A*
Cambridge Law Journal,Cambridge University Press,0008-1973,1469-2139,4801,1921,A*
Canadian Tax Journal,Canadian Tax Foundation,0008-5111,,4801,1953,A*
Columbia Law Review,"Columbia Law Review Association, Inc.",0010-1958,1945-2268,4801,1901,A*
Cornell Law Review,Cornell Law School,0010-8847,,4801,1915,A*
Federal Law Review,Australian National University,0067-205X,,4801,1964,A*
Harvard Law Review,Harvard University Press,0017-811X,2161-976X,4801,1886,A*
International & Comparative Law Quarterly,Cambridge University Press,0020-5893,1471-6895,4801,1952,A*
Journal of Empirical Legal Studies,Wiley-Blackwell Publishing,1740-1453,1740-1461,4801,2004,A*
Law Quarterly Review,Sweet & Maxwell,0023-933X,,4801,1885,A*
Melbourne University Law Review,Melbourne University Law Review Association,0025-8938,1839-3810,4801,1957,A*
Oxford University Commonwealth Law Journal,Taylor & Francis Online,1472-9342,1757-8469,4801,2001,A*
The Modern Law Review,Wiley-Blackwell Publishing,0026-7961,1468-2230,4801,1937,A*
The Sydney Law Review,Sydney Law School,0082-0512,,4801,1953,A*
The Yale Law Journal,"The Yale Law Journal Company, Inc.",0044-0094,1939-8611,4801,1891,A*
University of Chicago Law Review,University of Chicago Law School,0041-9494,1939-859X,4801,1933,A*
Adelaide Law Review,University of Adelaide,0065-1915,,4801,1960,A
American Business Law Journal,Wiley-Blackwell Publishing,0002-7766,1744-1714,4801,1963,A
American Journal of Comparative Law,Oxford University Press,0002-919X,2326-9197,4801,1951,A
Anti Trust Law Journal,American Bar Association,0003-6056,,4801,1952,A
Australian Bar Review,LexisNexis,0814-8589,,4801,1986,A
Australian Business Law Review,Thomson Reuters,0310-1053,,4801,1973,A
Australian Journal of Corporate Law,LexisNexis,1037-4124,,4801,1991,A
Australian Journal of Labour Law,LexisNexis,1030-7222,,4801,1988,A
Australian Law Journal,Thomson Reuters,0004-9611,,4801,1927,A
Australian Tax Review,Thomson Reuters,0311-094X,,4801,1971,A
Australian and New Zealand Journal of Criminology,Sage Publications,0004-8658,1837-9273,4801,1968,A
Berkeley Technology Law Journal,University of California Berkeley School of Law,1086-3818,,4801,1986,A
Canadian Business Law Journal,Canada Law Book,0319-3322,,4801,1976,A
Capital Markets Law Journal,Oxford University Press,1750-7219,1750-7227,4801,2006,A
Civil Justice Quarterly,Sweet & Maxwell,0261-9261,,4801,1982,A
Columbia Business Law Review,Columbia Business Law Review,0898-0721,1930-7934,4801,1986,A
Columbia Journal of Asian Law,Columbia Law School,1094-8449,2373-0498,4801,1987,A
Columbia Journal of Law and the Arts,Columbia University,1544-4848,,4801,1974,A
Columbia Journal of Transnational Law,Columbia Society of International Law,0010-1931,2159-1814,4801,1961,A
Company and Securities Law Journal,Thomson Reuters,0729-2775,,4801,1982,A
Comparative Labor Law and Policy Journal,University of Illinois Press,1095-6654,,4801,1967,A
Competition and Consumer Law Journal,LexisNexis,1039-5598,,4801,1993,A
Current Legal Problems,Oxford University Press,0070-1998,,4801,1948,A
Dalhousie Law Journal,Dalhousie University Faculty of Law,0317-1663,,4801,1973,A
Deakin Law Review,Deakin University,1835-9264,,4801,1993,A
Delaware Journal of Corporate Law,Delaware Law School of Widener College,0364-9490,1943-7331,4801,1975,A
Duke Journal of Comparative and International Law,Duke University School of Law,1053-6736,2328-9708,4801,1986,A
European Competition Law Review,Sweet & Maxwell,0144-3054,,4801,1980,A
European Intellectual Property Review,Sweet & Maxwell,0142-0461,1749-5083,4801,1978,A
European Journal of International Law,Oxford University Press,0938-5428,1464-3596,4801,1990,A
European Law Review,Sweet & Maxwell,0307-5400,,4801,1975,A
Harvard Environmental Law Review,Harvard Environmental Law Review,0147-8257,,4801,1976,A
Harvard International Law Journal,Harvard University Press,0017-8063,2153-2494,4801,1960,A
Harvard Journal of Law and Public Policy,Harvard Society for Law and Public Policy,0193-4872,2374-6572,4801,1978,A
Harvard Journal of Law and Technology,Harvard University Press,0897-3393,2153-263X,4801,1988,A
Hong Kong Law Journal,Thomson Reuters,0378-0600,,4801,1971,A
IIC International Review of Intellectual Property and Competition Law,Springer International Publishing,0018-9855,2195-0237,4801,1970,A
Industrial Law Journal,Oxford University Press,0305-9332,1464-3669,4801,1972,A
Insolvency Law Journal,Thomson Reuters,1039-3293,,4801,1993,A
Insurance Law Journal,LexisNexis,1030-2379,,4801,1988,A
Intellectual Property Journal,HAB Press Limited,0824-7064,,4801,1984,A
International Journal of Law and Information Technology,Oxford University Press,0967-0769,1464-3693,4801,1993,A
"International Review of Law, Computers and Technology",Taylor & Francis Online,1360-0869,1364-6885,4801,1984,A
International Tax and Public Finance,Springer International Publishing,0927-5940,1573-6970,4801,1994,A
Journal of Air Law and Commerce,Southern Methodist University,0021-8642,,4801,1930,A
Journal of Australian Taxation,Monash University,1440-0405,,4801,1998,A
Journal of Banking and Finance - Law and Practice,Thomson Reuters,1034-3040,,4801,,A
Journal of Business Law,Sweet & Maxwell,0021-9460,,4801,1957,A
Journal of Contract Law,LexisNexis,1030-7230,,4801,1988,A
Journal of Corporate Law Studies,Taylor & Francis Online,1473-5970,1757-8426,4801,2001,A
Journal of Corporation Law,University of Iowa College of Law,0360-795X,,4801,1975,A
Journal of International Economic Law,Oxford University Press,1369-3034,1464-3758,4801,1998,A
Journal of Maritime Law and Commerce,Jefferson Law Book Company of Baltimore,0022-2410,,4801,1969,A
Journal of World Investment and Trade,Brill,1660-7112,2211-9000,4801,2000,A
Journal of the American Taxation Association,American Accounting Association,0198-9073,1558-8017,4801,1979,A
Law and Policy,Wiley-Blackwell Publishing,0265-8240,1467-9930,4801,1979,A
Legal Issues of Economic Integration,Kluwer Law International,1566-6573,0377-0915,4801,1972,A
Lloyd's Maritime and Commercial Law Quarterly,Informa Law,0306-2945,,4801,1974,A
Marine Policy,Elsevier,0308-597X,1872-9460,4801,1977,A
Melbourne Journal of International Law,The University of Melbourne,1444-8602,1444-8610,4801,2000,A
Monash University Law Review,Monash University,0311-3140,,4801,1974,A
National Tax Journal,National Tax Association,0028-0283,1944-7477,4801,1947,A
New Zealand Journal of Taxation Law and Policy,Thomson Reuters,1322-4417,,4801,1994,A
New Zealand Universities Law Review,Thomson Reuters,0549-0618,,4801,1963,A
Oregon Law Review,University of Oregon,0196-2043,,4801,1921,A
Osgoode Hall Law Journal,Osgoode Hall Law School of York University,0030-6185,,4801,1958,A
Oxford Journal of Legal Studies,Oxford University Press,0143-6503,1464-3820,4801,1981,A
Public Law: the constitutional and administrative law of the Commonwealth,Sweet & Maxwell,0033-3565,,4801,1956,A
Restitution Law Review,Marenex Press,1351-170X,,4801,1993,A
Singapore Journal of Legal Studies,National University of Singapore,0218-2173,,4801,1959,A
Stanford Journal of International Law,Stanford University Press,0731-5082,,4801,1966,A
"Stanford Journal of Law, Business and Finance",Stanford University Press,1078-8794,,4801,1994,A
Statute Law Review,Oxford University Press,0144-3593,1464-3863,4801,1980,A
Tax Law Review,New York University School of Law,0040-0041,,4801,1945,A
Texas International Law Journal,University of Texas School of Law,0163-7479,,4801,1965,A
The Business Lawyer,American Bar Association,0007-6899,,4801,1946,A
The Florida Tax Review,University of Florida Press,1066-3487,,4801,1992,A
Tort Law Review,Thomson Reuters,1039-3285,,4801,1993,A
Torts Law Journal,LexisNexis,1038-5967,,4801,1993,A
Tulane Maritime Law Journal,Tulane University Law School,1048-3748,,4801,1975,A
University of New South Wales Law Journal,University of New South Wales,0313-0096,,4801,1975,A
University of Toronto Law Journal,University of Toronto Press,0042-0220,1710-1174,4801,1935,A
Virginia Tax Review,University of Virginia School of Law,0735-9004,,4801,1981,A
eJournal of Tax Research,Australian School of Taxation and Business Law,1448-2398,,4801,2003,A
Annals of Probability,Institute of Mathematical Statistics,0091-1798,2168-894X,4905,1973,A*
Biometrika,Oxford University Press,0006-3444,1464-3510,4905,1901,A*
Journal of Computational and Graphical Statistics,Taylor & Francis Online,1061-8600,1537-2715,4905,1992,A*
Journal of the American Statistical Association,Taylor & Francis Online,0162-1459,1537-274X,4905,1888,A*
"Journal of the Royal Statistical Society, Series B (Statistical Methodology)",Wiley-Blackwell Publishing,,1467-9868,4905,1934,A*
Probability Theory and Related Fields,Springer International Publishing,0178-8051,1432-2064,4905,1962,A*
Advances in Applied Probability,Applied Probability Trust,0001-8678,1475-6064,4905,1964,A
Annals of Applied Probability,Institute of Mathematical Statistics,1050-5164,2168-8737,4905,1991,A
Annals of Applied Statistics,Institute of Mathematical Statistics,1932-6157,1941-7330,4905,2007,A
Annals of the Institute of Statistical Mathematics,Springer International Publishing,0020-3157,1572-9052,4905,1949,A
Australian and New Zealand Journal of Statistics,Wiley-Blackwell Publishing,1369-1473,1467-842X,4905,1959,A
Bernoulli,Bernoulli Society for Mathematical Statistics and Probability,1350-7265,1573-9759,4905,1995,A
Bioinformatics,Oxford University Press,1367-4803,1460-2059,4905,1998,A
Biostatistics,Oxford University Press,1465-4644,1468-4357,4905,2000,A
Canadian Journal of Statistics,Wiley-Blackwell Publishing,0319-5724,1708-945X,4905,1973,A
Electronic Journal of Probability,Institute of Mathematical Statistics,,1083-6489,4905,1996,A
Environmental and Ecological Statistics,Springer International Publishing,1352-8505,1573-3009,4905,1994,A
International Statistical Review,Wiley-Blackwell Publishing,0306-7734,1751-5823,4905,1932,A
Journal of Applied Probability,Applied Probability Trust,0021-9002,1475-6072,4905,1964,A
Journal of Multivariate Analysis,Elsevier,0047-259X,1095-7243,4905,1971,A
Journal of Statistical Planning and Inference,Elsevier,0378-3758,1873-1171,4905,1977,A
Journal of Statistical Software,Foundation for Open Access Statistics,1548-7660,,4905,1996,A
Journal of Theoretical Probability,Springer International Publishing,0894-9840,1572-9230,4905,1988,A
"Journal of the Royal Statistical Society, Series A (Statistics in Society)",Wiley-Blackwell Publishing,,1467-985X,4905,1838,A
"Journal of the Royal Statistical Society, Series C (Applied Statistics)",Wiley-Blackwell Publishing,,1467-9876,4905,1952,A
"Journal of the Royal Statistical Society, Series D (The Statistician)",Wiley-Blackwell Publishing,,1467-9884,4905,1950,A
Scandinavian Journal of Statistics,Wiley-Blackwell Publishing,,1467-9469,4905,1974,A
Statistica Neerlandica,Wiley-Blackwell Publishing,0039-0402,1467-9574,4905,1946,A
Statistica Sinica,Statistica Sinica,1017-0405,,4905,1991,A
Statistical Science,Institute of Mathematical Statistics,0883-4237,,4905,1986,A
Statistics and Computing,Springer International Publishing,0960-3174,1573-1375,4905,1991,A
Statistics in Medicine,Wiley-Blackwell Publishing,0277-6715,1097-0258,4905,1982,A
Stochastic Processes and their Applications,Elsevier,0304-4149,1879-209X,4905,1973,A
The Electronic Journal of Statistics,The Institute of Mathematical Statistics and the Bernoulli Society,1935-7524,,4905,,A
Theory of Probability and its Applications,SIAM Publications Online,0040-585X,1095-7219,4905,1956,A
